afaa270a-ae94-4439-a5f3-2a7442a59688,Tyler Nolan,Roy Utah
d54f6e5d-10fb-40be-b465-c0fb3b2be2b4,Major Buckner,Ames Iowa
5e0138aa-a020-4058-abcb-3f8aacf96e0b,Barbara Burbank,Lehi Utah
932079db-ed63-40ef-ac48-09e85f48cec1,Ann Montes,Orem Utah
a1a43115-edc3-4d45-8280-7784f6d47e3f,Delois Audette,Anna Texas
6a735b56-0c69-416d-bd7f-fabfbd82d8bd,Timothy Lent,Dover Ohio
224acf3c-fc16-40bc-a3cf-d540988bb92d,Wanda Anderson,Niles Ohio
0f23f8cc-6dd2-449b-af37-105582e2e1a2,David Hammitt,Provo Utah
bdcc0827-d5aa-40d6-bc54-12541960cc27,Lauren Johnson,Provo Utah
99982307-a0f0-4eee-9fb0-c46890be11b8,Monica Odonnell,Provo Utah
7b55dacf-5948-4c75-91c5-26babfc783f4,Doris Jackson,Sandy Utah
46ea37b7-bce5-4ec2-b968-167717142fe3,Paul Hancock,Waco Texas
ba8fde0e-8ac8-4a94-864f-6c194b5138fa,Wendy Donaldson,Bend Oregon
de17ae3c-6f0e-4b85-8bf8-51698fb850ad,Mark Gaspar,Bryan Texas
7a80414a-85e0-4eb5-b2d6-2b6ab1ab6514,Michele Chandler,Canton Ohio
a17b2e9f-9cee-4a52-a6d9-f3815dc068d5,David Smith,Dayton Ohio
830b94e1-0ae9-471a-97cf-f72c4f110e7a,Cheryl King,George Iowa
d35f3c8b-cdc7-45fe-b587-28bdaafe4b66,Holly Vargas,Marion Iowa
ef5cab50-f575-423d-aefa-0bc32e112eba,Patrick Gauthier,Moody Texas
9b00cb7f-14b3-41af-9109-65dfb663a67d,Robert Lewis,Nampa Idaho
c6680bcf-d0ff-4237-989a-57ccaf122240,Ruth Robertson,Reno Nevada
1f093676-708e-46ba-9177-2177b51164ec,Margaret Acosta,Tyler Texas
7d47b521-81b2-4e38-abb9-148f5f38fd6f,Pamela Elser,Tyler Texas
2dde5906-2052-4562-9fb4-3ce09bdf3765,Jerry Schneider,Wylie Texas
415df230-677c-4673-a4fe-72085d072e43,Regina Huffman,Austin Texas
f6f32c7d-716c-4ffa-8944-c43df398585c,Juan Hamilton,Austin Texas
3338888a-f74d-4677-a4e1-a368758c16f3,Maureen Skelley,Austin Texas
1b070153-69f0-4e2c-991d-3221a80c4b49,Scott Shipley,Craig Alaska
53512131-5ad8-4c99-8fd0-652bf5c9f90c,Bonnie Franqui,Dallas Texas
0a88231c-943c-41d3-a3e7-05df5b99a774,Keith Littlejohn,Dallas Texas
bab7c9cb-3a9d-4c8f-8da7-d51707e88f7d,Gordon Johnson,Dallas Texas
b4c19070-abdf-41cc-9e87-835ef310a96e,Max Ellis,Decorah Iowa
4910915c-ae16-4ba3-910b-4f2cea05911e,Thomas Crouch,Findlay Ohio
45b6b6f4-6715-4cb2-981c-a3814fd99e78,Judy Rego,Irving Texas
d329e902-4a97-4ba4-9651-60f33dd90967,Ricardo Sevin,Laredo Texas
34c2c02e-7e48-45b7-8ee9-86346c69b478,John Bynum,Norwalk Ohio
0bc8e35a-9af4-45cc-bc07-29d57f41c995,Rhoda Schlueter,Paola Kansas
2024fdb7-00fd-43bc-aea3-e35f343961db,Michael Williams,Salem Oregon
64df757d-397c-42ce-b905-ef94d43d5b28,Mary Probst,Salem Oregon
132ea409-227e-4e1c-8b5b-3937b4d81ab1,Sandy Payton,Yuma Arizona
72df07ba-9cfd-4980-8b39-e576cb7c0cb4,Jimmie Byrne,Yuma Arizona
27f864c1-a1b7-4288-9842-a63f43d08fb0,Brian Miranda,Barre Vermont
1d147832-186b-4634-b221-ccecb9d58ef2,Desmond Markley,Burns Wyoming
460c9cef-1d46-4f64-9b63-ada40655be26,Lori Ortiz,Camanche Iowa
953d095c-605c-4df7-a09e-f91795021e92,Rashida Maupin,Columbus Ohio
d0811219-87fe-4ee8-a9cb-86bdb5bd79f6,Debra Hakes,Columbus Ohio
0df30138-858b-41f6-b723-038c23c10d61,Vernon Smith,Columbus Ohio
1b5c6a5b-fc67-4da7-8c1e-a374436ae299,Benjamin Pon,El Paso Texas
1f6c0b90-44e2-4914-8f06-35bb29d0b8e5,Megan Kinard,Erie Colorado
c4cc4371-b926-4930-99c4-a53b91a97f3c,Angela Perez,Eugene Oregon
cb80a8e1-af7a-4f0a-9cb8-ccee1ad4a8b8,James Rule,Glenwood Iowa
71d4f0ee-99e9-4384-88b6-76f54fceff1a,Betty Zak,Houston Texas
d9d314ef-39f4-4a28-8c37-7579c7cba9c8,Mel Guerrero,Houston Texas
51100e0e-62fd-4d3c-8b06-cd4f43b6fbca,Tom Kleinschmidt,Houston Texas
3def7f43-f159-4093-89f7-317e71ecb473,Roger Maloney,Houston Texas
d02ba792-138c-47de-9280-3705560c61f9,John Schwab,Houston Texas
eeceba82-90da-4be8-aa34-8ec23eac8732,James Johnson,Houston Texas
6af1f026-a23e-4adc-9a95-6244e847aafa,Jeff Miller,Hugo Oklahoma
0b95e71b-3c90-4dc1-9292-de330cb6c0bf,Truman Bass,Lubbock Texas
5a7e10d6-e921-4a86-a63e-cf00e4d2cfe5,Barbara Johnson,Lubbock Texas
cb032021-df1f-4122-b7fd-c0d0ca9c598c,James Hayse,Miami Florida
dabf8556-d0e0-4de5-91b1-cea0235e8f2a,Maryanne Martin,Olathe Kansas
236a771d-d983-48a2-86cb-154b49b711a1,Carrie Hamby,Peru Illinois
34bfec9d-f953-44f0-bba6-e58fb539f5de,Patrick Kirk,Waterloo Iowa
0aff8fdd-e0b4-40e3-a765-2c38ecde8d6d,Stephen York,Wellston Ohio
62da079f-8ff2-4458-9633-600dd032e7cf,Brian Chapman,Wheeler Texas
3e2ec495-33b5-4574-b717-62cbd167b72a,Robert Hernandez,Apopka Florida
b31fb55e-0311-4220-9ea9-d2f7d1c0fd76,Gina Nelson,Auburn Alabama
64a23bac-053c-4944-801a-875cbefd2241,Clara Leon,Bellevue Idaho
f8a24138-93a2-452a-986d-edc90ba4150e,Manuel Koenig,Cambridge Iowa
566a39ad-334c-484e-ab9b-1778da99e9a6,Bryon Lloyd,Cambridge Iowa
50f1c3c9-b90c-48e8-9687-e5c5b36e40b6,Robert Martindale,Cleveland Ohio
8256c0b8-3e11-49d6-ba5c-6e91e9ac4cdb,Mary Hatchett,Dover Kentucky
eaac6878-6f64-4b75-bbc8-4bd6aea15d01,Helen Villarreal,Dublin Georgia
01e06b5c-f082-44cd-bea8-66f1967d3dc4,Audra Maldonado,Elgin Illinois
98489351-10c1-40e4-9b0c-eb905c82f633,Tony Pappas,Flint Michigan
9cf8a9c0-dede-4c74-823d-460f4073e615,William Gustafson,Gardner Kansas
8094ccff-9a92-4362-8e2d-e4548d534248,Kenneth West,Gresham Oregon
c900515f-af6c-418b-a71e-2c9f1476f4aa,Rosalia Sawyer,Longview Texas
02add91f-27ee-4c74-a724-9a7d1c05d3cb,Virgina Harris,Mesquite Texas
b94d73ac-32c4-4075-aa3f-d83ba8447c45,Timothy Alexander,Navasota Texas
c21925d8-0081-46d2-afa8-6a667267886f,Rena Kipp,Oxford Alabama
da5ceacf-b6a6-4aec-bf0f-e60750120579,Felicita Mckelvey,Pearland Texas
7fc93ea9-f0d2-43c0-8d57-04fa7fe7ede9,Max Shaffer,Pekin Illinois
c69a5846-5ce5-436c-b927-2a162068452f,Janet Alexander,Peoria Arizona
63c19239-5e87-4729-a1aa-916fa1a42566,Joan Kimsey,Portland Maine
ad79dc44-c55b-441f-942a-cdbed6d84eca,Evelyn Hereford,Portland Maine
f4d7b273-158f-46c7-b1f8-80ec3e4234ea,Allan Justice,Tucson Arizona
12a27b9d-5046-47d2-ab58-111aae41eb2d,Christine Cherry,Tucson Arizona
9ae2dfb1-8b20-477d-94ad-1b043f6c7adc,Robert Fisher,Utica New York
e90f0483-3edb-4f86-abb0-19bcf192535e,Debbie Alberts,Wichita Kansas
d33b98b6-fb7e-4a5e-ad65-0d23c44afa8a,Joseph Williams,Albany New York
3129994b-8f4c-494c-9c00-7df695e9885f,Gabriel Hollingshead,Anoka Minnesota
7a3df69c-34fb-4ccf-ab50-16a4e2c21295,Yvonne Acker,Arlington Texas
33c33bc4-9e00-428b-a6c6-f638b1d52a4b,Blanche Markert,Atlanta Georgia
f23fae9e-5b76-4a8c-b9b4-6367f2e8c4c8,Silas Barnes,Atlanta Georgia
976adfc9-070a-4846-9cd1-bc6141ae1ba7,Debbra Zurita,Atlanta Georgia
bb6f8998-6e09-4ea6-ac24-4002f826f7ef,Barbara Lemaire,Atlanta Georgia
55f5a51b-c23a-49d3-b27d-06b27d4a060f,Ralph Scott,Aurora Colorado
4b506e75-bf6b-41de-87e7-cc48f4419458,Robert Salazar,Aurora Colorado
4dc9cde5-323a-4c6c-b829-4124321a5f20,Terry Trent,Aurora Illinois
f675d468-5f55-42c5-a96b-3492d7d0b46a,Catherine Jackson,Calhoun Georgia
6d562675-ebe2-47f0-a365-e8599b85cb35,William Mcdaniel,Cicero Illinois
5b432ea1-1e71-4920-b2af-e76c79aa9d78,Mary Sanchez,Cicero Illinois
68ad9f51-9b1d-4333-a66c-6787f894b813,Laura Smith,Cincinnati Ohio
24462ea3-5ca0-477c-b703-376f1221f703,John Loftis,Denver Colorado
5e58a880-c8b9-4250-9d3b-532b25a5cd28,Norbert Garrett,Denver Colorado
fbba0165-e0ce-4ea2-9c2e-b536ca19b6ef,Jack King,Fishers Indiana
d6c0648f-7083-408d-a468-5d3ea783fb36,Jose Viera,Gibsonburg Ohio
f85b510c-f292-49bd-a5c8-60109820855f,Violet Torrez,Gilbert Arizona
42e5df56-43ec-4949-a988-10fa1983959a,Eldon Bryant,Hialeah Florida
8af3c2ba-0549-475b-bb6b-90792b3bce17,Jean Arriaga,Huntington Utah
3d640679-ffe1-4c67-b24e-3558dc0fdc27,Ruth Lavallee,Ingleside Texas
f2b02365-690b-4493-9d72-7b0a60a283fc,Stanley Lockwood,La Grange Texas
df19cf7b-33d0-4d05-b559-5500c493c954,Julie Burkett,La Marque Texas
67e2fde2-5956-41e7-a4d5-03a68fbcbeec,Hazel Ballard,Lawrence Kansas
9fc65756-b158-43a7-b8a3-e683753b839c,Melba Mccorkle,Mason City Iowa
18962007-b9d8-484b-96a6-30d34ca40f48,Bernadine Torres,Murray Kentucky
425c0195-f2e6-48dc-90e1-06d251812856,Tanya Elam,Phoenix Arizona
7bf2c18a-eebb-4cd5-af61-2d4814eab38e,Racheal Hoar,Phoenix Arizona
2c6713e7-c0a5-46a6-9ecf-d9d023016ec5,Sharon Jackson,Phoenix Arizona
d154ddca-b1d6-494f-a6f3-771e1645ca35,Jessica Slagle,Phoenix Arizona
746fdced-cc56-41db-b395-86a455401d29,Clyde Jordan,Phoenix Arizona
e0d7ed59-d71b-41d5-95e2-7896b2abb33a,Mark Curry,Pocatello Idaho
04cf2024-12ec-4698-bf26-374b608e185e,Zachary Harvey,Portland Oregon
73587fda-956c-4aed-8c5a-32f722e7d0eb,Mindy French,Portland Oregon
0eee90c0-3966-45e4-bda4-714823c8d529,Rose Brown,Portland Oregon
70a7aa73-1c9a-4d7c-b865-238f5498c266,Jeanne Froelich,Quincy Illinois
5b76e93f-60f5-4bec-87cc-5b166cd4d004,Victoria Hoffman,Warren Michigan
c8499115-2302-46ea-89f0-aca66c458072,Mary Sauer,Willoughby Ohio
bff3f838-3a03-4ea3-8638-d54ceaeea39e,Hilda Jackson,Woodburn Oregon
ecc24913-691a-4214-aff9-c4efed12664b,Lauren Timberlake,Youngstown Ohio
e4124bd1-0c1c-494e-aab2-355a52e9c802,Elizabeth Geddes,Americus Georgia
4f79a0db-dca7-43e5-bd9f-f27d7e415eea,Leona Hutchings,Beaverton Oregon
85b1f635-dd55-4a75-8d94-18590b3b29e2,Richard Page,Bluffton Indiana
e16700db-79d0-45e6-92df-89482da79731,Genevieve Scott,Buffalo New York
74c95b0a-b490-4399-b183-4ddbcc8fae99,Charles Bryant,Buffalo New York
6ba4d69c-a214-4202-a38c-35a2e16dd25e,Darryl Colon,Buffalo New York
911fe25f-0c38-46d5-8289-8a0b403ef2ef,William Ahlers,Burbank Illinois
289208a8-e81f-4cc3-85bb-d07d5171b095,Raul Avendano,Ceres California
a13b2483-decf-4231-a60f-63fe4bb4cd14,Jessie Farris,Chandler Arizona
9dc091d2-6fcb-48ba-9b58-811f5e9a6e17,Merle Wiley,Chicago Illinois
ad0a4dd5-cd2c-4dbf-ba0c-af1b42e6eb05,Samuel Angelo,Chicago Illinois
603d9e13-66d7-4773-b015-5a9694992d73,Matilda Holloway,Chicago Illinois
f3015e89-36f6-43b7-9cd6-39c1d58626ee,Pedro Gerardi,Chicago Illinois
24f7183c-2ca5-4a33-97c2-b640c4d1d808,Linda Wood,Chicago Illinois
305991d2-7fc0-47d9-8030-fda00620293b,Derek Rodriguez,Corvallis Oregon
a10c730d-75bc-4043-a97b-7ba17d4b3a5b,Anthony Miller,Detroit Michigan
25f1be17-7ef9-4e6c-81c5-9b268867a605,Terrence Welsh,Dixon California
50953e62-892e-416b-9a10-71f05541cfcd,Sarah Strong,Fort Worth Texas
d5e57897-aefb-4767-91a6-9920b0a83a7b,Christopher Battle,Fort Worth Texas
1c0575f7-8ab9-422a-a864-15366aa6e382,John Bridgeman,Fort Worth Texas
6e180c2c-457f-4775-b299-3209b2397ce2,Ivan Lee,Hillsboro Oregon
a64597f2-8257-4467-828c-c99024a38b08,Mary Garrett,Indio California
e7631e29-c50f-450f-8026-ee97f62fe3ba,Tammy Rhodes,Ketchikan Alaska
305eeae1-a6c5-4309-9006-8f43d193d720,Douglas Swiger,Las Vegas Nevada
9565cc8f-ad9a-4cc5-9d8f-d77a0ec9c245,Carmen Erickson,Las Vegas Nevada
46cc8b83-6d6a-4077-b9c8-ec5497b488c2,Sarah Torres,Marathon Florida
a7e6cbe4-86f9-41e9-82e6-8175bedb07ff,Michelle Felix,Midland Michigan
6cfe63f8-0a70-46e4-ace0-add648a552a4,May Rush,Mineola New York
fa6793e1-c2aa-4158-bf94-c5b611179d08,Trudy Rafter,New Hope Alabama
094b9d03-cbff-4e0c-8d11-e6cb13b97cf5,Viola Rico,Norcross Georgia
ca5a0d83-132d-49df-97e5-332660b20f6e,Jeff Mitchell,Norfolk Virginia
288154d4-5c96-48e2-932c-a6d11f8f969a,Daryl Bryant,Pontiac Michigan
bb35188f-905d-4449-8657-21c0c47e5a65,Jin Snyder,Racine Wisconsin
0c1c9a30-7957-4fa4-ab40-afad4c121992,Amy Warner,Racine Wisconsin
68d3d1b2-ce1e-4263-b9df-287da2808b5f,Freddy Hogan,Roanoke Virginia
dbb99999-3df7-4c8a-9059-acd61da1e648,Jose Gongora,Romulus Michigan
0bd1005a-ee1d-48a5-83c6-90f69ee3cad6,Brenda Santos,Savage Minnesota
a2cdb2af-c78e-4ad3-901a-8751db303a68,Kevin Miller,Waupun Wisconsin
0c176cee-6930-457a-b845-a1940c6e999c,Angela Wilson,Yonkers New York
acceb022-9dad-4fa6-a3b0-dfc389478abd,Margot Cook,Yonkers New York
59894dbb-e33e-4532-9d77-e9ae7741a85c,Diane Macdonald,Burkburnett Texas
ed9622d7-fa20-48e0-83b1-025896de7f51,James Daigle,Carson California
7aeb4914-f350-42b9-838d-636bb31384ea,Pearl Hay,Colleyville Texas
b3cfb98c-26f8-4c25-a2da-ceef5e12c126,Jo Higgins,Covina California
ac161a68-3d46-4efb-853d-b39e11baa1bd,Gary Robeson,Dublin California
78d80b47-aae5-4653-a80a-1556519e4298,Sandra Jordan,Dumfries Virginia
c044fa13-650f-4ee4-8f06-7778086f3efa,James Roach,Fresno California
52252f3f-219d-4717-8f23-9c302c8d9916,Catherine Clark,Fresno California
7a4a64f0-4b97-4578-9249-8fca5458ff3b,Franklin Martinez,Glenview Illinois
9c61ac7c-3aa1-4204-b3a1-247826e7f4fd,Juan Garcia,Goleta California
712d1777-7e1f-4e8d-b387-86b4d51bb564,Michelle Gonyea,Jackson Tennessee
669ebd4c-c14a-4599-93e4-811173f10ddc,Rodney Jarrell,Madera California
367d2edd-41d0-464d-845c-eb6e049d1731,Dolores Pope,Madison Wisconsin
eea740c6-849b-4473-bf98-34ec39316ff0,Edward Skinner,Manassas Virginia
1e3077cc-f999-4c3a-8504-8e510683f146,Madalene Lee,Memphis Tennessee
46d6721a-2893-4ad5-a88e-7e3e30071740,William Koehn,Memphis Tennessee
ed8aba64-a419-427f-b866-850bd160f78c,Kendra Petree,Merrill Wisconsin
0f9ddb6d-ff3d-4173-b03f-59a7efe61c9c,Paul Getz,Montrose Michigan
d9e87bed-557a-4de6-a1d4-897224281297,Marjorie Lochner,New Waverly Texas
71b1e332-3922-4d13-9680-9cabeedc02d5,Shelby Welch,New York New York
2ca4be5e-f296-41e9-9387-9595dea85fce,Rosemarie Dubois,New York New York
a1bf4416-83cd-4ed0-8895-58a0b635c117,Samantha Henley,New York New York
c54f791e-bd66-4ed3-b9d7-86bd43be35e0,Barbara Carrasco,New York New York
9e4bf40b-2160-4e45-9f51-788a7e5ada70,Charles Caldwell,New York New York
b4e21e08-c6c2-493d-909c-4dea39fc38fd,Maria Dukes,New York New York
53e23bed-600f-4aa1-8269-435e28a93780,Vicky Brown,New York New York
bc16def6-0f86-49e1-a1ea-a51981937402,Marion Baxter,New York New York
0778bf09-302d-4450-a83d-49efe9f93de0,Angelina Gallagher,New York New York
6e1705cd-e26e-4d85-a726-157e40285d87,Deborah Jones,New York New York
33fabbee-c540-42ef-b239-bd5c69a9a843,Jeff Chan,New York New York
9df8c2d5-b7eb-4f17-aa70-9a07262363c9,Mary Larson,New York New York
c9527163-d6c7-4e25-8b5e-f33184fbf084,Jeffrey Flaugher,New York New York
6e3ec17b-a181-4518-8c67-caec6f1c0450,Tamara Williams,New York New York
5884355f-b868-45f2-8b20-8ac1c455f7d5,Mary Burley,New York New York
876fd545-4f36-492d-9c9c-5f073c06c022,Juan Garlick,New York New York
7dd7887d-9361-4ae5-ae29-15bf01030008,Robert Howard,New York New York
54ae6a47-e357-49c0-a55f-b98d2c83b5b6,Sabra Mendoza,New York New York
854bc02b-3f05-4723-b2ef-2cf7b5015633,Seth Hobbs,New York New York
b20c9d8a-a6af-4ec4-a39b-7d05b688873e,Virginia Miller,New York New York
e38e426a-47fc-47a7-9fd3-dd4c877fddae,Sandra Larson,New York New York
80efe711-b8b7-4827-8e2a-8692c958c0ce,Eric Christian,New York New York
0e65fe11-b4c9-41ee-9ea7-32287d8b9498,Beverly Barrett,New York New York
62820485-53c6-47f3-a456-5b3313d46ded,Jeffrey Hill,New York New York
64ec164d-195f-4687-935e-5449373ed254,Debra Urena,New York New York
bb7f212e-0e62-438e-9561-c9c48f263b36,James Langenfeld,New York New York
c61eb44d-b258-4d48-a737-ef9896330a76,Nancy Doran,New York New York
df6c2568-fb3b-4e7a-8710-a390b46049eb,Christina Anderson,New York New York
be856108-76a4-4df7-9e3f-9be57adbe90c,Florence Graham,New York New York
d0e5a431-36f8-481f-93bb-b4b835dcb87c,Melvin Reed,New York New York
335903dc-52f8-45ad-ae89-34dcfd9c2040,Pamela Lewis,New York New York
00e91d7b-28e7-44a9-94d1-2c045d2ff2cd,Mary Morgan,Newark New Jersey
a3104478-61e5-435d-86e2-d6bd64f82de5,Clara Thomas,Newark New Jersey
43f4c2a6-1fb1-4191-a770-706c39e14958,Jessica Powell,Newman California
0def2b35-264d-49f1-8220-83e14f3577cd,Margret Vaughn,Niceville Florida
54f3dc3f-3f38-4e5e-a17f-182a7856af7e,Kelsey Reeves,Oberlin Louisiana
c049b67e-0215-49ce-b56e-a0571159e0ca,Bernard Hamer,Roslyn Washington
0fc3cd7f-b79c-4ec6-bfaa-06ba34d6a062,Gary Gonzalez,San Antonio Texas
ffb665d7-3747-4508-82c1-6edef43ccc45,Judith Ford,San Antonio Texas
42547c3e-de65-46b3-9408-32ed5d9c58d4,Santa Harding,San Antonio Texas
e66ea742-5fa6-4107-a17d-61fe7c717a1a,Phillip Patch,San Antonio Texas
0071d58b-10a2-4f5d-8153-eb3916a31874,Christine Pinder,San Antonio Texas
37378f8d-2e30-4b8c-979b-a8e087991dcb,Alecia Pittman,Sheffield Alabama
6c8db472-550a-4228-a482-fd0e5169266b,Adam Villa,Spanish Fork Utah
362a9dea-75e4-480f-abf8-769cb3319991,Joseph Oritz,Strongsville Ohio
1fdcfaef-57bd-467e-a8c9-a9b17ff04b94,Kevin Batts,Strongsville Ohio
29763f84-761c-4e00-9708-3a180206e9b5,Veronica Adcock,Syracuse New York
e9af4342-00a2-4d76-9b4d-1fc0f45b71a7,Michael Culver,Tuckahoe New York
edc98e17-5735-4172-8f9b-19d48c6274fa,Ginger Trevino,Tustin California
834254ee-87a6-4749-a030-51650739751d,Roger Mcgovern,Waukegan Illinois
98f75dc2-6d67-49ed-acf2-c8d1d2c4bd95,Jennifer Harrison,Westmont Illinois
0f801584-5333-46a6-ad84-6657c1915ced,Pamela Perry,Wheatland Wyoming
44a462cb-547b-4937-bce7-0e1a9b001b7d,Artie Abdullah,Anaheim California
cb6b2e45-7e63-44ba-ae3d-70de30bbcfaf,David Daniels,Arcadia California
ba2231c8-84dd-4db1-b1ef-4e1d436c5075,Edward Watlington,Bayonne New Jersey
a6f37bfb-18b1-4f85-96f3-cf091c14f8d7,Robert Toner,Birmingham Alabama
55fc8597-508c-4766-a91f-a7483508a585,Sandy Snyder,Birmingham Alabama
5ccc9608-8a09-4996-9114-08ea323d9628,Stacey Robertson,Cambridge Maryland
f99ba6e5-c648-46d1-8485-0b2e0707fe1b,Mary Powell,Cape Coral Florida
d551ca45-8109-4843-9d84-9afe4519d2ee,Darryl Weisner,Clifton New Jersey
d7c63b70-82c8-4a5e-9291-349d1f792dc7,Roberta Dabbs,Fitzgerald Georgia
0f08b82c-68ee-431d-841d-a502daaeaabb,Laura Balogh,Fort Wayne Indiana
14510f53-bc6e-4b7d-87b2-8466d05ff118,Hattie Powers,Fremont California
76d9ee1c-bdf8-4d8d-881d-ddc91e4f2501,Lawrence Teston,Fremont California
27b8ed32-d012-4e4f-aeaa-4758220dddbb,Craig Bell,Fremont California
ae912343-43da-4993-9393-5cd9e377e587,Douglas Cohen,Gardena California
8f5b2f82-863e-48e6-ab06-66b1f3054224,Anthony Hancock,Hinesville Georgia
10e3f960-d27f-425e-826b-cf2c64f7c19f,Bernadine Delaney,Lake Jackson Texas
387f960b-6e15-4bec-93cb-9731f43d684a,John Felton,Laurel Mississippi
23741dcc-90a6-48fb-ae53-612fcb627a33,Louise Arnold,Lynwood California
508170ef-3376-45d4-accb-c90e8cdd4639,Deborah Wade,Mayville Wisconsin
fc6dd509-efd9-4265-a354-7c670694fa9f,Paul Hardin,Mendham New Jersey
a3429eb8-eb8e-464a-9de2-8fb597ccae4b,Walter Warnick,Minot North Dakota
3d38119b-bfc2-4346-adff-644c34480b77,Stephen Hill,Norwalk California
4d86d618-46b8-4607-988a-8799552efad7,Omar Oliver,Oakland California
39db4674-8117-4655-90d2-bc2f7559b029,Elouise Lacour,Oakland California
8327c65a-1a8d-4791-83a6-224039ebfbbc,Ann Bui,Oakland California
de5dab2a-0747-4901-b473-8b5dc022bd62,Amanda Smith,Ontario California
315b5827-636f-47bc-a1ba-4a76c323c101,Edith Rodman,Owatonna Minnesota
bf7bdc0c-1779-4dc5-b11b-1821b643d22a,Anna Manwaring,Prattville Alabama
c6334b2b-7cb8-44da-8678-40d8ce9c01e1,Sean Morales,Prattville Alabama
2200be7d-3321-46ba-80ea-97cbed443ac7,Carlos Bergeron,Rochester New York
567a60e2-4c83-468d-9e93-500b03cabd72,Barbara Oconnor,Rochester New York
ec5ae3af-7374-42ad-9214-8fefe62ee24b,Marilyn Little,Rockville Maryland
4d1c6f70-87cc-43b7-b9a3-0a19d986c304,Sergio Bryant,Rockville Maryland
6c6c44d5-cb8d-41e1-b34e-b66be114669f,Eileen Dycus,Roswell New Mexico
a622f73e-676d-4a52-8bf7-31738abe6d3a,Bradley Rourke,Salinas California
132cfe4d-cd85-49c4-8369-86909dfad414,Mary Smith,Seattle Washington
d373b1ca-8fac-4a70-b80d-e25089b60799,Hipolito Johnson,Seattle Washington
901491e9-4871-4a21-ae24-c2b263192000,Edward Clark,Shafter California
3c48a83c-0dea-4dfe-9d28-2d39bd1071c8,Daniel Spiro,Spokane Washington
7e3d734b-2cbb-4d01-b8ac-d5b783f73f25,Edwin House,Spokane Washington
e56b617a-dea5-4158-8b64-799bf81a4062,Emily Jack,Spokane Washington
45361573-c73b-4839-a94d-90a266f68875,Destiny Hendricks,Truckee California
13713da8-1c70-413f-9116-54ffe9eafa7f,Richard James,Vallejo California
83785a3b-1d5c-4e22-bb8e-2c013498ce67,Rebecca Loehr,Wilsonville Oregon
090f36c8-8888-4063-87be-44df24544546,Julia Ball,Bay Minette Alabama
e204760b-93c6-4c07-83d2-2c0081537dfe,Katherine Flores,Belleville Illinois
246aad2d-b927-4789-8b3b-0148b3fccf0a,Paula Anderson,Berkeley California
c38f5ae7-6298-47fd-b103-aad33015599d,Katherine Parker,Brookfield Missouri
3f425c6d-b439-4801-b747-86afa598d17d,Joann Urquhart,Calexico California
29ddd1be-7056-4a5a-ab32-b967c104e68b,Geraldine Byars,Carbondale Illinois
bb7e717a-59ce-4bf1-ba7b-8b89e6203c08,Anthony Wike,Carlsbad California
c7653c0a-b699-4dcf-baa5-628b795eda93,James Hickey,Carlsbad California
f6948f85-407c-4859-909b-7b23eda0ef28,Margaret Wilson,Clinton Mississippi
08ff1033-4740-45cc-9c65-cc23054a7572,Lindsay Williams,Corrales New Mexico
e5a7ad3f-c60c-49e0-8192-c7542ee760f5,Andrew Fair,Council Bluffs Iowa
077e73bf-e923-4203-9cda-3eb1e971a00c,Miriam Nunez,Farmington Missouri
1b512c55-4bb1-474f-ab2e-29cecdbb00d2,Matthew Anderson,Fort Pierce Florida
c1d195cf-adea-429c-84a8-1ed550cf27d8,Ethel Power,Fort Smith Arkansas
91920081-1719-4f1e-88ba-bb7562a2d8a2,Benjamin Baker,Gainesville Florida
a1b88939-2acb-484b-8406-8ccdce1b489e,Rachel Shepherd,Greencastle Indiana
b340e8f2-5bdd-48a0-be3a-c8fef0da85d7,Thomas Boston,Harrison New Jersey
a42a0cc6-50da-4fc8-a0db-ff2f5cc4459e,Troy Bentley,Haverstraw New York
9b7a7fc2-372d-40d3-9fd2-cc5df789b7ca,Pam Morgan,Highland California
f0b03c31-1294-4a78-9e29-80856fdec189,Howard Williams,Jackson Mississippi
c3a71731-2c97-45c3-92bb-a7d62d3a69c3,Debra Ullman,Lakewood California
ac3b8895-35ad-449a-8b16-56011861444c,Brandy Bradford,Luxemburg Wisconsin
daac75b8-03a3-4858-ba33-88e780b0120c,Virginia Whaley,Manitowoc Wisconsin
3f374769-b179-4d3b-b2ca-9b35628b764b,Kate Tucker,Middletown New York
a5498448-5342-4fef-8a08-c2bc56931143,Jonas Plaisted,Milwaukee Wisconsin
3451d2b1-9be2-456b-93db-b50a1899a57c,Lydia Pendelton,Milwaukee Wisconsin
e3fcb93b-e940-4152-9aeb-5bb176f69e3a,David Connelly,Milwaukee Wisconsin
a313ba6c-3d7e-465b-b8ef-3b703ded2022,Harold Martin,Milwaukee Wisconsin
f926d460-4dd6-4dfa-8003-30f4e80a8236,Cornelia Hamilton,Milwaukee Wisconsin
9acb40f8-6534-4b0f-92b0-2625208e818a,Bill Rose,Monrovia California
6064ced0-f2a8-4d37-b47d-082f9d281579,Karen Mendoza,Naperville Illinois
fb127f18-d8bc-4275-aa66-78bc9c5152de,Virginia Turner,Okanogan Washington
19c07889-1073-4c01-99d3-f5dbb13cb66d,Sharon Nelson,Park Ridge Illinois
02b556fb-1b3e-41b4-9477-4abf1d60af8a,Scott Seaman,Petaluma California
cd8e47fc-f834-40d3-98d7-e81903cd2f42,Susan Brooks,Redlands California
eb1a802d-1d12-445a-b4cb-b3bce837d336,Donna Rose,Rosemead California
ddfd2b01-c9a2-404e-be28-09cfff71a304,Darrin Garcia,Salem Massachusetts
0d31173e-c6ad-453c-b9fb-4701d1a0503c,Jessie Allison,Salem Massachusetts
211e33e2-720d-42b6-afad-5cd86b475b5d,Jacob Dewitt,Salt Lake City Utah
dafdea96-e211-4a8b-af57-a261823a7d03,Arnold Won,San Jose California
436e2f77-275b-4438-8c06-ef52cb01859a,Robert Escobedo,San Jose California
f7f357d9-d2bf-49f5-93e0-819be36d5e19,Tracey Farris,San Jose California
4d0845f8-2e98-46ec-9766-1c67d9fbc71a,Kelly Clemons,San Jose California
c9a25ee4-36d9-4139-9fd3-8cad3e964e0e,John Dority,San Jose California
8aa548bd-ed63-4edd-aaef-918b4f621ca9,Tiffany Foster,San Jose California
7ea2a398-6aec-49f2-b8ce-997ab187ae49,Samuel Scheer,Stockton California
d22485c9-7e6a-4666-8624-83377f83a77c,Lois Floyd,Torrance California
76ee347b-b28a-436c-8c80-690473944ecf,Theodore Purvis,West Columbia Texas
73b24e44-70dc-4585-8857-590c000b2d5d,Christina Bates,Bella Vista Arkansas
1c61eca9-1457-4622-99e7-535f278250f3,Carol Murphy,Blooming Grove Texas
55cc282c-db62-49f5-821b-a583282de8a7,Lakisha Torres,Des Plaines Illinois
6dcb548e-bf53-4457-a277-64730ae1fa3f,Amelia Vernon,Elk Grove California
515ac0f3-b172-46c3-843c-4e20a69d3485,Ignacio Robinson,Elk Grove California
bba24662-5c64-4ca8-989a-30ad628ad9e1,Laura Wells,Florence Mississippi
1a3aa450-c376-4215-b0b3-958d1332bac9,Nancy Smith,Fort Lupton Colorado
13f6d226-952d-4dd2-ad64-a8911af7dd1c,Sophia Brown,Glassboro New Jersey
ae1ad264-6729-461c-8b24-9ed89637d765,Gerald Cannon,Hartford Connecticut
a8e59b5f-d680-4a6a-a195-08ed1361cbc0,Joseph Knapp,Hartford Connecticut
d9c3ad25-8230-43fb-a1ff-c7e400c2828e,George Hamilton,Hudsonville Michigan
5464633b-3aff-45bd-bb8b-72968594f10e,Robert Smith,Inglewood California
a4ff25ed-16ec-4589-a7fa-6b0a6d1ceddc,Mary Harwell,Jacksonville Florida
f4d7bb8e-e883-490b-a146-b8416ffea77a,Nakia Manzano,Kansas City Missouri
9476a370-fd78-4dd9-adb0-b33be493bb31,Jill Johnson,Keedysville Maryland
8668bf68-ae14-4297-8efb-445f1794df38,Kathleen Daniels,Kennewick Washington
44b32f71-f91b-4c0e-98a5-656c3fa405e1,Henry Mcknight,Little Rock Arkansas
ab0986b5-ef55-40a6-8a97-1441952afa00,Lillie Kemble,Lowell Massachusetts
4795fbc7-c7c8-423d-905d-b4c8cff4ca4b,Charles Villasenor,Monticello Minnesota
a4401fac-6eac-4925-857d-36c1d1c48e85,Pearl Hatfield,New Berlin Wisconsin
8b3dc84d-ddc1-4049-9527-7b82ff554fb1,Thomas Daugherty,New Iberia Louisiana
536f30b0-bea1-46b7-88d1-df6056457d40,Edna Thomas,Oceanside California
3eec57a9-cdfd-4abe-8c95-db4a63c3c93f,Melissa Adair,Palmer Massachusetts
9cb066eb-8b5b-42df-9bf6-e8c035a4fe52,Harriet Russell,Paramount California
9d1668ef-97a9-4c31-988a-8ad122540868,Peggy Delany,Princeton New Jersey
b861dc75-b81a-4cb2-bc66-b6de482c1843,Mark Stephens,Quincy Massachusetts
aef4c67d-0c0f-4a23-8c1a-d98a29cfd040,Maria Dick,Quincy Massachusetts
cfe98e33-b75e-460b-8f64-a3fb093f4af3,James Schutt,Riverside California
7d74a859-fd8a-40de-81a4-0a503cac1947,Susan Diamond,Riverside California
b455d710-e6ec-46e9-881f-d31b2192715f,Charles Mccall,Roseville California
5c34ca32-5fc3-42a3-b97d-5e44a52d1745,Lori Miller,San Diego California
431f16f6-d221-41f9-a666-e5d62b829685,Tanesha Chandler,San Diego California
8b0e714f-ff55-486f-917e-ed0d24bd1760,Emily Trevino,San Diego California
5a49142d-49c4-4a43-afeb-c0e39c0c0153,Rodney Bolt,Schenectady New York
ca0de29e-8d08-4631-aae2-15442b279fa2,Jason Wheeler,Spencerport New York
6df0f7ea-8ff1-4f15-b699-a3db2ff1d583,William Brown,Springfield Illinois
a308c7b6-7b11-47f7-8cbf-8fa3fff32c32,Horace Lemon,Sunnyvale California
915644b6-c97c-42d8-b965-c4efb29e81c6,Mary White,Tupper Lake New York
216809c3-1fb3-4c86-9647-bc39e00fb068,Jacob Merriman,Two Rivers Wisconsin
d0317812-96b5-4ab3-959b-3d6b5f3c8cf1,Glenda Hull,Valley Center Kansas
cc9a73e8-75b4-4ee0-b064-39efbe5125ce,Ralph Baird,Warwick Rhode Island
12ba3ce6-627e-4eeb-a80c-eb1b8ce09725,Erma Best,West Des Moines Iowa
fecca23e-cc13-455c-a55a-173fd4f38fa3,Sara Moran,Auburn Hills Michigan
81bd2478-2d05-4efc-8482-18cda26595d5,Dana Parker,Ballston Spa New York
5993a27d-a1d9-4b03-9a8a-5ac798d9bc12,Tiffany Borel,Barrington New Jersey
430eabb6-884d-4dbc-aa6e-6c98a374f8aa,Lori Johnson,Baton Rouge Louisiana
1e603e99-a321-4a3e-9759-aa9bc63f993a,Earl Floyd,Baton Rouge Louisiana
09c47d95-58af-44bf-9c2e-714215237b0e,William Grimshaw,Bellflower California
9cf0cea3-6334-4bb1-acfc-498c4fd691ab,Darlene Todd,Bismarck North Dakota
c4ab67bd-d984-4208-8768-1d03ee6b4036,Mervin Theriot,Bismarck North Dakota
a4e9f502-95da-4064-bdfc-6818fb3d25d4,Norbert Rush,Clarksville Tennessee
246388bd-0e66-47d7-9662-1a0aeb994e3f,Roberto Tompkins,Cranston Rhode Island
8469915f-6905-485c-a066-fb0f90e75cbd,Courtney Ellis,Eleanor West Virginia
e664d924-118c-47c1-ad2f-49b94fb3184b,Bradley Scott,Farmington New Mexico
5d49f4bd-bedf-451b-959a-acc1eaac2fac,Kevin Byrne,Garner North Carolina
d4708f26-a7ea-49a2-93ed-4f04e4b324a0,Leona Thorton,Itta Bena Mississippi
aeb675d4-103e-452d-abc4-562071c267ec,Hugh Bragg,Kulpmont Pennsylvania
cdb463fa-1253-44c0-92e5-68053abe05c7,Anthony Carrier,Livingston California
4fc82a24-be9e-4a80-b95c-a68bfa3042f6,Paul Witt,Long Beach California
ed4c73cb-cab1-4d87-bd04-d1c29425bc65,Bella Schultz,Medford Massachusetts
63d8a103-2c1d-41e4-a49d-3cdc574e485f,Felipe Day,Minneapolis Minnesota
abdc570c-763a-47f6-ab47-95cc6050c5be,Ellen Mcfarland,Minneapolis Minnesota
14139f0f-3bfe-495a-b6d5-ea6c7614df44,Julie Baker,Montebello California
e1686956-1c8d-446a-b2af-405b5c920905,Kenneth Wells,Munfordville Kentucky
546d16db-5f76-4509-982f-61d4e9cd6932,Ruth Steinberg,Murfreesboro Arkansas
205f91ac-dca4-43c7-90f9-84ad72668e62,Gavin Matthew,New Haven Connecticut
33f655ad-1814-4893-bd48-4d79fa6c105a,Claire Conger,New Orleans Louisiana
1d88a4a9-a946-49d1-a90f-a29d28b0ab89,Kevin Stanley,New Orleans Louisiana
b8840b10-15a6-43bb-bf8e-bd99fffc08d7,Nichol Ross,Rio Rancho New Mexico
7e94ac0e-ab88-4ab8-9bac-a53cdb1a1f10,Jackie Miller,Sacramento California
5e45caf1-7dcc-42b3-af05-b1665b57aaf3,Michael Martin,Sacramento California
603f8b7d-f545-41f6-a031-2473152a7468,Mary Hall,Sacramento California
504752a3-a4c2-4cb7-ad7f-4d7ca78bf85a,Walter Tarter,Seal Beach California
ce04558a-e4f4-409e-877d-c081742ce0ca,Glenn Rose,Sebastopol California
7ce0e747-31c1-4a86-b8fd-b981f39b8ff4,Brian Arrington,Shelby North Carolina
54b47652-6773-425d-a9de-008b56d9d1ed,David Reece,Warner Robins Georgia
b0a34a7c-f6b8-4831-9463-894bb469c61c,Wanda Wright,Albuquerque New Mexico
e9b9888a-391b-45a4-b934-fc925429867a,Gail Lipsey,Bowling Green Kentucky
1823fe7a-05ef-4e24-8e11-146b065736be,Norma Hein,Collierville Tennessee
aebe2f7b-d2d6-47fd-a581-0046610f47f2,Bernadine Chase,Eden Prairie Minnesota
41d01577-aa4a-4d1c-adcc-5c2a2f18815a,Jay Hill,Elkhart Lake Wisconsin
7703afe0-42f6-446a-825e-e299a686d6c7,Dawn Johnson,Federal Way Washington
5f816bf2-8834-4c76-9c14-91fbfad7fa5b,Valerie Walter,Jersey City New Jersey
c57162aa-a266-4fe6-939e-e6452753426c,Dorothy Bowser,Lake Forest California
f4e8cfc5-963e-4009-819e-2de691357d84,Jim Gerlach,Lawrenceburg Tennessee
674166f3-1810-4758-911c-8dc18c0d2050,Karl Finley,Los Angeles California
c44e261f-735b-4539-adff-b464c5a1146b,Susan Moody,Los Angeles California
0aa97afd-8cd0-49c5-a2e0-e7e21ec6e507,Tim Davis,Los Angeles California
e46231b0-bb0e-433e-8ed2-dc0d11d36da2,Michael House,Los Angeles California
03ec8f96-ca9b-4cf6-abaa-24e1837c2c5a,Henry Land,Los Angeles California
3264f25e-50ff-49d5-95d2-0db01c47d5cb,Eva Marrero,Los Angeles California
8e02ab35-13a8-4d15-801d-6781b519dfd5,Jerry Boyer,Los Angeles California
d406ed2b-c907-4b89-9e4d-ba1bac6dbd3e,Robert Blanton,Los Angeles California
2127dcc6-aeb4-408e-a82b-43a16abb6fd9,Stephen Haun,Los Angeles California
688df865-c465-4f1a-b6b7-9c3cdd2ee9fb,James Harper,Los Angeles California
5d999727-58d5-43a6-9abf-5e7f614b2a48,Fe Butler,Los Angeles California
55c18d59-bf17-491a-8817-061c5c208467,Kevin Boyd,Los Angeles California
9c05ef4f-0e60-4b60-9300-665733752d2f,Kenneth Backus,Mill Valley California
05edbe10-b3b3-4877-81d8-c56fe0ff3ce3,Jennifer Castillo,Morgan Hill California
4e606e77-f83d-4678-ba96-74ccbd95a5f9,Maryann Brown,North Las Vegas Nevada
a231fde9-6cb8-4e1b-9471-ad7305c6a69e,John Foreman,North Las Vegas Nevada
3309a8d0-19ac-490f-9769-5ab44c79e16b,Kizzy Kugler,Oklahoma City Oklahoma
b40afa22-7d37-4ecd-834a-da274bb041ba,Judy Hellwig,Oklahoma City Oklahoma
66fa4fbb-ce69-406c-9cbd-e11ab25a1740,Josephine Hill,Pascagoula Mississippi
f19ee1fb-cc4a-4888-bf62-d33481b946c3,Paul Evans,Peachtree City Georgia
fc406f96-7a72-499e-9a22-8b60c55585c4,Sebrina Ramos,Raleigh North Carolina
61931b64-f8e6-4c41-950e-fe78098ff08f,Martin Spence,Santa Clara California
0a0da872-0c01-43ed-8fa8-1a8f883b4eb5,Fernando Hartle,Schiller Park Illinois
bfdcac3a-7efa-4d30-8df5-45a3a9abdd7f,Tina Yeager,Victorville California
f5c2d369-5a6e-49f0-97fa-da8ddb8e7265,Dorothy Maupin,Westminster California
a861eae4-0241-4ec9-a8d6-3b11cbc7b6cd,Melvin Couch,Winthrop Massachusetts
0648ed2f-d20f-47af-bc1e-a0d905786b2a,Kelli Cook,Winthrop Massachusetts
1238607b-9bce-4e7c-b007-2dfa67e20808,Wilfred Romero,Anderson South Carolina
165123ff-102f-40cc-91d6-0ffc2b51e9b7,Michael Traub,Baldwin Park California
0b0314a5-f3c3-4bf4-90fb-273ee2884d5a,Jessica Young,Doylestown Pennsylvania
63eb6d42-f201-4f43-ac04-524bc3c16256,Sandi Hess,Fort Atkinson Wisconsin
431eb9be-2737-4ee2-a188-f938897afab6,Richard Amato,Fort Lauderdale Florida
af697b43-c31d-4633-8f2c-491266efbf8c,Norma Renfro,Garden Grove California
405c05b3-5b89-49be-9ce7-3a67c7d61141,Rebecca Reyna,Jefferson City Missouri
2838bee0-277e-434d-abd2-b851af3ebf83,Kurt Gullett,New Britain Connecticut
1847b3a2-fde6-437b-ab67-a5e744d1b33d,Pamela Guyton,Providence Rhode Island
86129796-3e2a-4cb1-87f4-1ebeacfe1c59,Judy Vazquez,Quakertown Pennsylvania
503b491a-82a2-4e5a-96c1-69e55437e251,Warren York,Saint Michael Minnesota
e99a51c5-ef8d-4185-b044-29c87d00107d,Cathy Duarte,Virginia Beach Virginia
ba60273c-972a-4622-96f2-96764860283c,Christina Sloane,Atlantic City New Jersey
6a074d7c-f101-4d76-a640-bac53b599f74,Tracie Kinlaw,Charleston West Virginia
a4418372-4513-4623-acc9-9c277ce13471,Louise Clark,Chicago Heights Illinois
0d26a49d-9605-46d5-a1e1-448202e0e8aa,Leann Briggs,Manchester New Hampshire
665fc008-c16d-471b-a6ce-5186dd78f24c,Jonathon Arnett,Montgomery City Missouri
8dc79cdf-cb30-476e-8a84-eeb9268184a8,Lola Moore,Mountain View California
fa97c4a7-22b6-445b-89f3-e456d1ad3eaf,Gail Wentz,Newport Beach California
cd71dd15-2029-41b1-a43e-4b2a4146c6d5,Ann Nagel,North Tonawanda New York
da6cbf5d-5bf5-4db7-be5c-e9906fac2f2d,Maria Carter,San Francisco California
0e1223ff-6777-482b-94e4-7739ce04afee,Jason Nicholson,San Francisco California
3a5dc498-ba30-404f-bd75-6ffd3d15e6a9,Kevin Duhon,San Francisco California
77601e0d-e75b-471d-ae13-0a7336a025e7,Meridith Jordan,San Francisco California
3558f159-a8e3-48af-b446-fc95e00590ce,Jennifer Edwards,San Francisco California
813fdf32-8f6c-42a8-9330-33817394a7f2,Carol Henderson,Santa Clarita California
6c6b8b26-48b4-4284-b3a1-eb9fca585f76,Jeff Brown,Scotts Valley California
6a1df38c-e6be-42e9-b43c-731d239362cd,Rudy Martin,Citrus Heights California
605ac92e-431c-428e-af34-6738faf02b7c,Randy Tillotson,Colonial Heights Virginia
a664219b-5f59-4a88-b305-9430bd177d37,Kenneth Carpenter,Colorado Springs Colorado
cee192ce-ce77-4444-ab27-fb6af57ff5f0,Elizabeth Schubert,Colorado Springs Colorado
430ead53-d566-433c-ad4b-26dfd63a982d,Susan Mccarthy,Panama City Beach Florida
df89ba9e-2ac2-43f4-af15-3c9151ab076d,Laurie Creasy,Philadelphia Pennsylvania
d198befb-c82d-4e65-880f-7fdbd71bc24b,Diana Willis,Philadelphia Pennsylvania
8162a702-2289-4dbc-91d4-dadada1575bb,Frank Gales,Philadelphia Pennsylvania
eb17c347-c7ed-4f48-8965-375662f35408,Belinda Quesada,Philadelphia Pennsylvania
fb8a0892-e7fe-41ed-837d-d9f2534567a8,Jackqueline Peterson,Philadelphia Pennsylvania
833ff7d5-600b-4b05-920b-752a10a2c11d,Margaret Jeffers,Philadelphia Pennsylvania
51e580fb-c2cd-485f-b599-e3a671f39e4c,James Riche,San Bernardino California
2a14c846-8f6d-4c10-a7ca-4c1e334ba84e,Gloria Jackson,Springfield Massachusetts
0226e5f9-4093-415c-8538-2c51440b3829,Pamela Medina,Sterling Heights Michigan
aa5913db-3cfb-431a-8aed-f7e354f3ec30,Walter Johnson,West Hollywood California
36754cdd-a17d-4bbc-9d9d-af14e09f7f3b,Barbara Stewart,West Mifflin Pennsylvania
c8cb17ec-d372-448e-b5ac-86b3ffd931c6,Edward Dobbs,Wilkesboro North Carolina
ce1a0ecc-b125-4908-851c-2d96e2488386,Myrtle Cantu,Fountain Valley California
626c0195-26ee-4a41-acd6-75cbabe4dcbe,Jorge Benson,Manhattan Beach California
ec45cf16-9754-46ea-8885-6588d3ddbe63,Sharlene Good,Manhattan Beach California
473f6a27-50fb-4f12-8d47-f374519a9103,Eugenia Thomas,North Little Rock Arkansas
380dd747-6abf-4367-8464-6764bcf42e52,Charity Snyder,Summerfield North Carolina
8c7f7937-233a-4c38-810c-66c15d4b7177,Anita Addison,Fayetteville North Carolina
c7484bc5-0ea2-46bd-8c68-cc9d56dd940c,Joann Palacios,Jacksonville North Carolina
225d24f0-37af-4f2e-abe8-d7c682981c58,Jocelyn Watkins,San Juan Capistrano California
4ce428c7-bc2c-4c7f-bf14-85f2acf3c9c3,Ana Jeter,Washington District of Columbia